model,scenario,stage,repeat,gen_time_sec,tokens_per_sec,eval_count,prompt_tokens,answer_len,format_ok,attribution_ok,action_steps,toir_is_works,stage_appropriate,raw_text
Qwen 3.5 9B,Предупреждение — перегрев,warning,0,25.14,16.5,416,3257,1401,True,True,4,True,True,"АГРЕГАТ: MNHV_005   |   ВРЕМЯ СОБЫТИЯ: 2026-06-21 09:39:00
СТАТУС: Предупреждение, Тип А: Перегрев, температура подшипниковых узлов в желтой зоне (88.957–89.894 °C).
ДИАГНОЗ И ОБОСНОВАНИЕ: Повышение температуры подшипниковых узлов до 88.957 °C и 89.894 °C указывает на развитие перегрева, что соответствует признакам неисправности из Руководства по эксплуатации МНХВ.
ПРЕДПИСАНИЕ (ДЕЙСТВИЯ ОПЕРАТОРА):
1. Перевести агрегат под усиленный контроль: участить опрос температуры подшипникового узла и тока двигателя.
2. Проверить уровень и состояние масла в подшипниковом узле через смотровое окно; при снижении уровня или потемнении масла — отобрать пробу (объём работ ТО-1).
3. Проверить отсутствие посторонних шумов, локального нагрева и повышенной вибрации (контрольный порог 3,0 мм/с по руководству МНХВ).
4. Привести режим работы к расчётным параметрам, не допускать длительной работы с закрытым клапаном нагнетания; подготовить резервный агрегат к возможному переключению. Останов не выполнять, пока параметры не вошли в красную зону.
РЕКОМЕНДАЦИИ ТОиР (РЕМОНТНОЙ БРИГАДЕ):
1. Замена подшипников качения (работа из перечня капитального ремонта).
2. Лазерная центровка валов насоса и электродвигателя (работа ТО-2).
3. Отбор проб масла и замена смазки в картере подшипника (работа ТО-1).
ПЛАНОВЫЙ РЕМОНТ: Стадия «Предупреждение»: досрочный (внеплановый) вывод в ремонт на текущий момент не требуется."
Qwen 3.5 9B,Предупреждение — перегрев,warning,1,24.75,16.7,414,3257,1418,True,True,4,True,True,"АГРЕГАТ: MNHV_005   |   ВРЕМЯ СОБЫТИЯ: 2026-06-21 09:39:00
СТАТУС: Предупреждение, Тип А: Перегрев, агрегат работает в зоне риска по температуре подшипниковых узлов.
ДИАГНОЗ И ОБОСНОВАНИЕ: Повышение температуры подшипниковых узлов до 89.9 °C и 88.9 °C указывает на перегрев, превышающий норматив 82.0 °C, что требует усиленного контроля согласно регламенту. (Регламент ТО предприятия)
ПРЕДПИСАНИЕ (ДЕЙСТВИЯ ОПЕРАТОРА):
1. Перевести агрегат под усиленный контроль: участить опрос температуры подшипникового узла и тока двигателя.
2. Проверить уровень и состояние масла в подшипниковом узле через смотровое окно; при снижении уровня или потемнении масла — отобрать пробу (объём работ ТО-1).
3. Проверить отсутствие посторонних шумов, локального нагрева и повышенной вибрации (контрольный порог 3,0 мм/с по руководству МНХВ).
4. Привести режим работы к расчётным параметрам, не допускать длительной работы с закрытым клапаном нагнетания; подготовить резервный агрегат к возможному переключению. Останов не выполнять, пока параметры не вошли в красную зону.
РЕКОМЕНДАЦИИ ТОиР (РЕМОНТНОЙ БРИГАДЕ):
1. Замена подшипников качения (работа из перечня капитального ремонта).
2. Лазерная центровка валов насоса и электродвигателя (работа ТО-2).
3. Отбор проб масла и замена смазки в картере подшипника (работа ТО-1).
ПЛАНОВЫЙ РЕМОНТ: Стадия «Предупреждение»: досрочный (внеплановый) вывод в ремонт на текущий момент не требуется."
Qwen 3.5 9B,Предупреждение — перегрев,warning,2,25.23,16.7,421,3257,1467,True,True,4,True,True,"АГРЕГАТ: MNHV_005   |   ВРЕМЯ СОБЫТИЯ: 2026-06-21 09:39:00
СТАТУС: Предупреждение, Тип А: Перегрев, агрегат работает в зоне риска по температуре подшипниковых узлов.
ДИАГНОЗ И ОБОСНОВАНИЕ: Повышение температуры подшипниковых узлов до 89.9 °C и 88.9 °C указывает на износ подшипников или нарушение смазки, что соответствует признакам неисправности «Повышенная вибрация и шум» и перегрузки двигателя. (Руководство по эксплуатации МНХВ)
ПРЕДПИСАНИЕ (ДЕЙСТВИЯ ОПЕРАТОРА):
1. Перевести агрегат под усиленный контроль: участить опрос температуры подшипникового узла и тока двигателя.
2. Проверить уровень и состояние масла в подшипниковом узле через смотровое окно; при снижении уровня или потемнении масла — отобрать пробу (объём работ ТО-1).
3. Проверить отсутствие посторонних шумов, локального нагрева и повышенной вибрации (контрольный порог 3,0 мм/с по руководству МНХВ).
4. Привести режим работы к расчётным параметрам, не допускать длительной работы с закрытым клапаном нагнетания; подготовить резервный агрегат к возможному переключению. Останов не выполнять, пока параметры не вошли в красную зону.
РЕКОМЕНДАЦИИ ТОиР (РЕМОНТНОЙ БРИГАДЕ):
1. Замена подшипников качения (работа из перечня капитального ремонта).
2. Лазерная центровка валов насоса и электродвигателя (работа ТО-2).
3. Отбор проб масла и замена смазки в картере подшипника (работа ТО-1).
ПЛАНОВЫЙ РЕМОНТ: Стадия «Предупреждение»: досрочный (внеплановый) вывод в ремонт на текущий момент не требуется."
Qwen 3.5 9B,Авария — перегрев,critical,0,21.24,16.4,349,3159,1093,True,True,4,True,True,"АГРЕГАТ: MNHV_005   |   ВРЕМЯ СОБЫТИЯ: 2026-06-21 10:25:00
СТАТУС: АВАРИЯ, Тип А: Перегрев, критическое состояние агрегата с вероятностью отказа 100.0%
ДИАГНОЗ И ОБОСНОВАНИЕ: Температура подшипниковых узлов 96.176 °C и вибрация 8.728 мм/с превысили критические пороги, что указывает на разрушение подшипника или критический износ. (Руководство по эксплуатации МНХВ)
ПРЕДПИСАНИЕ (ДЕЙСТВИЯ ОПЕРАТОРА):
1. Немедленно остановить агрегат во избежание заклинивания ротора.
2. Изолировать насос задвижками от магистрали.
3. Направить ремонтную бригаду для проверки наличия и состояния масла в картере подшипника.
4. Провести лазерную центровку агрегата перед повторным пуском.
РЕКОМЕНДАЦИИ ТОиР (РЕМОНТНОЙ БРИГАДЕ):
1. Замена подшипников качения (работа из перечня капитального ремонта).
2. Лазерная центровка валов насоса и электродвигателя (работа ТО-2).
3. Отбор проб масла и замена смазки в картере подшипника (работа ТО-1).
ПЛАНОВЫЙ РЕМОНТ: Вероятность аварии 100% превышает порог 80% — ТРЕБУЕТСЯ внеплановый вывод по техническому состоянию (Repair-on-condition), плановая дата КР: декабрь 2026."
Qwen 3.5 9B,Авария — перегрев,critical,1,21.53,16.5,356,3159,1125,True,True,4,True,True,"АГРЕГАТ: MNHV_005   |   ВРЕМЯ СОБЫТИЯ: 2026-06-21 10:25:00
СТАТУС: АВАРИЯ, Тип А: Перегрев, критическое состояние агрегата с вероятностью отказа 100.0%
ДИАГНОЗ И ОБОСНОВАНИЕ: Температура подшипниковых узлов 96.176 °C и вибрация 8.728 мм/с превысили критические пороги, что указывает на разрушение подшипника или критический износ, требующий немедленного останова (Руководство по эксплуатации МНХВ)
ПРЕДПИСАНИЕ (ДЕЙСТВИЯ ОПЕРАТОРА):
1. Немедленно остановить агрегат во избежание заклинивания ротора.
2. Изолировать насос задвижками от магистрали.
3. Направить ремонтную бригаду для проверки наличия и состояния масла в картере подшипника.
4. Провести лазерную центровку агрегата перед повторным пуском.
РЕКОМЕНДАЦИИ ТОиР (РЕМОНТНОЙ БРИГАДЕ):
1. Замена подшипников качения (работа из перечня капитального ремонта).
2. Лазерная центровка валов насоса и электродвигателя (работа ТО-2).
3. Отбор проб масла и замена смазки в картере подшипника (работа ТО-1).
ПЛАНОВЫЙ РЕМОНТ: Вероятность аварии 100% превышает порог 80% — ТРЕБУЕТСЯ внеплановый вывод по техническому состоянию (Repair-on-condition), плановая дата КР: декабрь 2026."
Qwen 3.5 9B,Авария — перегрев,critical,2,21.69,16.5,358,3159,1129,True,True,4,True,True,"АГРЕГАТ: MNHV_005   |   ВРЕМЯ СОБЫТИЯ: 2026-06-21 10:25:00
СТАТУС: АВАРИЯ, Тип А: Перегрев, критическое состояние агрегата с вероятностью отказа 100.0%
ДИАГНОЗ И ОБОСНОВАНИЕ: Агрегат находится в аварийном состоянии из-за превышения критических порогов температуры (96.176 °C) и вибрации (8.728 мм/с), что указывает на разрушение подшипников или критический дисбаланс (Руководство по эксплуатации МНХВ)
ПРЕДПИСАНИЕ (ДЕЙСТВИЯ ОПЕРАТОРА):
1. Немедленно остановить агрегат во избежание заклинивания ротора.
2. Изолировать насос задвижками от магистрали.
3. Направить ремонтную бригаду для проверки наличия и состояния масла в картере подшипника.
4. Провести лазерную центровку агрегата перед повторным пуском.
РЕКОМЕНДАЦИИ ТОиР (РЕМОНТНОЙ БРИГАДЕ):
1. Замена подшипников качения (работа из перечня капитального ремонта).
2. Лазерная центровка валов насоса и электродвигателя (работа ТО-2).
3. Отбор проб масла и замена смазки в картере подшипника (работа ТО-1).
ПЛАНОВЫЙ РЕМОНТ: Вероятность аварии 100% превышает порог 80% — ТРЕБУЕТСЯ внеплановый вывод по техническому состоянию (Repair-on-condition), плановая дата КР: декабрь 2026."
Qwen 3.5 9B,Предупреждение — кавитация,warning,0,28.01,16.4,460,3299,1397,True,True,4,True,True,"АГРЕГАТ: MNHV_005   |   ВРЕМЯ СОБЫТИЯ: 2026-06-25 12:43:00
СТАТУС: Предупреждение, Тип Б: Кавитация, вибрация превышает нормативный порог, риск аварии 3.5%
ДИАГНОЗ И ОБОСНОВАНИЕ: Агрегат работает в режиме кавитации, подтверждённом моделью классификации, что проявляется в превышении вибрации (7.232 мм/с и 7.344 мм/с) над порогом предупреждения 3.0 мм/с согласно уставкам мониторинга (Руководство по эксплуатации МНХВ).
ПРЕДПИСАНИЕ (ДЕЙСТВИЯ ОПЕРАТОРА):
1. Усилить контроль вибрации и давления на всасывающей и напорной линиях.
2. Проверить подпор на всасывании (обеспечить NPSHa > NPSHr) и состояние всасывающего фильтра на засор.
3. Скорректировать режим: не допускать подачу ниже 30 % от номинала; при наличии ЧРП плавно снизить обороты для вывода из зоны кавитации.
4. При сохранении или нарастании вибрации подготовить агрегат к выводу из работы. Аварийный останов не выполнять, пока вибрация не превысила 8,0 мм/с.
РЕКОМЕНДАЦИИ ТОиР (РЕМОНТНОЙ БРИГАДЕ):
1. Дефектоскопия рабочего колеса (работа из перечня капитального ремонта).
2. Динамическая балансировка ротора по классу G2.5 (работа КР).
3. Проверка и очистка фильтров на всасывающей линии (работа ТО-1).
4. Замена торцевого уплотнения при выявлении износа (работа КР).
ПЛАНОВЫЙ РЕМОНТ: Агрегат MNHV_005 выводится в плановый капитальный ремонт в декабре 2026 года; при поступлении предиктивного алерта вероятен досрочный вывод в ремонт."
Qwen 3.5 9B,Предупреждение — кавитация,warning,1,27.39,16.4,448,3299,1331,True,True,4,True,True,"АГРЕГАТ: MNHV_005   |   ВРЕМЯ СОБЫТИЯ: 2026-06-25 12:43:00
СТАТУС: Предупреждение, Тип Б: Кавитация, вибрация превышает норматив в 2 раза, риск аварии 3.5%
ДИАГНОЗ И ОБОСНОВАНИЕ: Агрегат работает в режиме кавитации, подтверждённом моделью классификации, что проявляется в превышении вибрации на всасывающей линии (7.232 мм/с) и напорной линии (7.344 мм/с) выше порогового значения 3.0 мм/с (Руководство по эксплуатации МНХВ).
ПРЕДПИСАНИЕ (ДЕЙСТВИЯ ОПЕРАТОРА):
1. Усилить контроль вибрации и давления на всасывающей и напорной линиях.
2. Проверить подпор на всасывании (обеспечить NPSHa > NPSHr) и состояние всасывающего фильтра на засор.
3. Скорректировать режим: не допускать подачу ниже 30 % от номинала; при наличии ЧРП плавно снизить обороты для вывода из зоны кавитации.
4. При сохранении или нарастании вибрации подготовить агрегат к выводу из работы. Аварийный останов не выполнять, пока вибрация не превысила 8,0 мм/с.
РЕКОМЕНДАЦИИ ТОиР (РЕМОНТНОЙ БРИГАДЕ):
1. Дефектоскопия рабочего колеса (работа из перечня капитального ремонта).
2. Динамическая балансировка ротора по классу G2.5 (работа КР).
3. Проверка и очистка фильтров на всасывающей линии (работа ТО-1).
4. Замена торцевого уплотнения при выявлении износа (работа КР).
ПЛАНОВЫЙ РЕМОНТ: Агрегат MNHV_005 выводится в плановый капитальный ремонт в декабре 2026 года."
Qwen 3.5 9B,Предупреждение — кавитация,warning,2,27.7,16.6,460,3299,1425,True,True,4,True,True,"АГРЕГАТ: MNHV_005   |   ВРЕМЯ СОБЫТИЯ: 2026-06-25 12:43:00
СТАТУС: Предупреждение, Тип Б: Кавитация, вибрация превышает нормативный порог предупреждения
ДИАГНОЗ И ОБОСНОВАНИЕ: Агрегат демонстрирует признаки кавитации с уверенностью 100%, подтвержденные превышением вибрации на всасывании и напоре (7.232 мм/с и 7.344 мм/с соответственно) над порогом предупреждения 3.0 мм/с, что указывает на несоответствие NPSHa требованиям (Руководство по эксплуатации МНХВ)
ПРЕДПИСАНИЕ (ДЕЙСТВИЯ ОПЕРАТОРА):
1. Усилить контроль вибрации и давления на всасывающей и напорной линиях.
2. Проверить подпор на всасывании (обеспечить NPSHa > NPSHr) и состояние всасывающего фильтра на засор.
3. Скорректировать режим: не допускать подачу ниже 30 % от номинала; при наличии ЧРП плавно снизить обороты для вывода из зоны кавитации.
4. При сохранении или нарастании вибрации подготовить агрегат к выводу из работы. Аварийный останов не выполнять, пока вибрация не превысила 8,0 мм/с.
РЕКОМЕНДАЦИИ ТОиР (РЕМОНТНОЙ БРИГАДЕ):
1. Дефектоскопия рабочего колеса (работа из перечня капитального ремонта).
2. Динамическая балансировка ротора по классу G2.5 (работа КР).
3. Проверка и очистка фильтров на всасывающей линии (работа ТО-1).
4. Замена торцевого уплотнения при выявлении износа (работа КР).
ПЛАНОВЫЙ РЕМОНТ: Агрегат MNHV_005 выводится в плановый капитальный ремонт в декабре 2026 года; при сохранении симптомов возможен досрочный вывод в ремонт."
Qwen 3.5 9B,Авария — кавитация,critical,0,22.04,16.7,367,3160,1111,True,True,3,True,True,"АГРЕГАТ: MNHV_005   |   ВРЕМЯ СОБЫТИЯ: 2026-06-25 13:20:00
СТАТУС: АВАРИЯ, Тип Б: Кавитация, критическое превышение вибрационных порогов
ДИАГНОЗ И ОБОСНОВАНИЕ: Показания вибрации (8.08–9.11 мм/с) превысили критический порог 8.0 мм/с, что подтверждает диагноз кавитации согласно справочному контексту (Руководство по эксплуатации МНХВ).
ПРЕДПИСАНИЕ (ДЕЙСТВИЯ ОПЕРАТОРА):
1. Снизить частоту вращения привода (если используется ЧРП) или прикрыть напорную задвижку для вывода насоса из режима кавитации.
2. Проверить давление на всасывающей линии (возможно засорение фильтра).
3. При сохранении вибрации — аварийный останов агрегата.
РЕКОМЕНДАЦИИ ТОиР (РЕМОНТНОЙ БРИГАДЕ):
1. Дефектоскопия рабочего колеса (работа из перечня капитального ремонта).
2. Динамическая балансировка ротора по классу G2.5 (работа КР).
3. Проверка и очистка фильтров на всасывающей линии (работа ТО-1).
4. Замена торцевого уплотнения при выявлении износа (работа КР).
ПЛАНОВЫЙ РЕМОНТ: Вероятность аварии 100% превышает порог 80% — ТРЕБУЕТСЯ внеплановый вывод по техническому состоянию (Repair-on-condition), плановая дата КР: декабрь 2026."
Qwen 3.5 9B,Авария — кавитация,critical,1,21.14,16.7,352,3160,1099,True,True,3,True,True,"АГРЕГАТ: MNHV_005   |   ВРЕМЯ СОБЫТИЯ: 2026-06-25 13:20:00
СТАТУС: АВАРИЯ, Тип Б: Кавитация, критическое превышение вибрационных порогов
ДИАГНОЗ И ОБОСНОВАНИЕ: Показания вибрации превышают критический порог 8.0 мм/с, что подтверждает диагноз кавитации согласно руководству по эксплуатации (Руководство по эксплуатации МНХВ)
ПРЕДПИСАНИЕ (ДЕЙСТВИЯ ОПЕРАТОРА):
1. Снизить частоту вращения привода (если используется ЧРП) или прикрыть напорную задвижку для вывода насоса из режима кавитации.
2. Проверить давление на всасывающей линии (возможно засорение фильтра).
3. При сохранении вибрации — аварийный останов агрегата.
РЕКОМЕНДАЦИИ ТОиР (РЕМОНТНОЙ БРИГАДЕ):
1. Дефектоскопия рабочего колеса (работа из перечня капитального ремонта).
2. Динамическая балансировка ротора по классу G2.5 (работа КР).
3. Проверка и очистка фильтров на всасывающей линии (работа ТО-1).
4. Замена торцевого уплотнения при выявлении износа (работа КР).
ПЛАНОВЫЙ РЕМОНТ: Вероятность аварии 100% превышает порог 80% — ТРЕБУЕТСЯ внеплановый вывод по техническому состоянию (Repair-on-condition), плановая дата КР: декабрь 2026."
Qwen 3.5 9B,Авария — кавитация,critical,2,22.5,16.3,367,3160,1111,True,True,3,True,True,"АГРЕГАТ: MNHV_005   |   ВРЕМЯ СОБЫТИЯ: 2026-06-25 13:20:00
СТАТУС: АВАРИЯ, Тип Б: Кавитация, критическое превышение вибрационных порогов
ДИАГНОЗ И ОБОСНОВАНИЕ: Показания вибрации (8.08–9.11 мм/с) превысили критический порог 8.0 мм/с, что подтверждает диагноз кавитации согласно справочному контексту (Руководство по эксплуатации МНХВ).
ПРЕДПИСАНИЕ (ДЕЙСТВИЯ ОПЕРАТОРА):
1. Снизить частоту вращения привода (если используется ЧРП) или прикрыть напорную задвижку для вывода насоса из режима кавитации.
2. Проверить давление на всасывающей линии (возможно засорение фильтра).
3. При сохранении вибрации — аварийный останов агрегата.
РЕКОМЕНДАЦИИ ТОиР (РЕМОНТНОЙ БРИГАДЕ):
1. Дефектоскопия рабочего колеса (работа из перечня капитального ремонта).
2. Динамическая балансировка ротора по классу G2.5 (работа КР).
3. Проверка и очистка фильтров на всасывающей линии (работа ТО-1).
4. Замена торцевого уплотнения при выявлении износа (работа КР).
ПЛАНОВЫЙ РЕМОНТ: Вероятность аварии 100% превышает порог 80% — ТРЕБУЕТСЯ внеплановый вывод по техническому состоянию (Repair-on-condition), плановая дата КР: декабрь 2026."
Qwen 3.5 9B,Предупреждение — электрика,warning,0,18.92,16.6,314,3095,1102,True,True,3,True,True,"АГРЕГАТ: MNHV_005   |   ВРЕМЯ СОБЫТИЯ: 2026-05-30 20:10:00
СТАТУС: Предупреждение, Тип В: Электрика, агрегат работает с повышенным током и вибрацией, риск аварии 40.5%.
ДИАГНОЗ И ОБОСНОВАНИЕ: Агрегат демонстрирует признаки перегрузки двигателя (повышенное потребление тока) и проблемы в электрической части, что подтверждается ростом среднего и максимального тока, а также изменением его стандартного отклонения. (Регламент ТО предприятия)
ПРЕДПИСАНИЕ (ДЕЙСТВИЯ ОПЕРАТОРА):
1. Связаться с энергодиспетчером для проверки качества питающей сети.
2. Наблюдать за параметрами агрегата в течение 15 минут без остановки технологического процесса.
3. Зафиксировать характер аномалии тока и проверить, не вызвана ли она внешним изменением гидравлического сопротивления сети (действиями потребителя).
РЕКОМЕНДАЦИИ ТОиР (РЕМОНТНОЙ БРИГАДЕ):
1. Проверка сопротивления изоляции электродвигателя (работа ТО-2).
2. Ревизия питающих кабельных линий и контактных соединений электродвигателя (внеплановая).
ПЛАНОВЫЙ РЕМОНТ: Стадия «Предупреждение»: досрочный (внеплановый) вывод в ремонт на текущий момент не требуется."
Qwen 3.5 9B,Предупреждение — электрика,warning,1,18.59,16.6,309,3095,1053,True,True,3,True,True,"АГРЕГАТ: MNHV_005   |   ВРЕМЯ СОБЫТИЯ: 2026-05-30 20:10:00
СТАТУС: Предупреждение, Тип В: Электрика, агрегат находится в зоне риска из-за аномалий тока.
ДИАГНОЗ И ОБОСНОВАНИЕ: Агрегат демонстрирует признаки перегрузки двигателя (повышенное потребление тока) и проблемы в электрической части, что подтверждается моделью классификации с уверенностью 100.0% (Руководство по эксплуатации МНХВ).
ПРЕДПИСАНИЕ (ДЕЙСТВИЯ ОПЕРАТОРА):
1. Связаться с энергодиспетчером для проверки качества питающей сети.
2. Наблюдать за параметрами агрегата в течение 15 минут без остановки технологического процесса.
3. Зафиксировать характер аномалии тока и проверить, не вызвана ли она внешним изменением гидравлического сопротивления сети (действиями потребителя).
РЕКОМЕНДАЦИИ ТОиР (РЕМОНТНОЙ БРИГАДЕ):
1. Проверка сопротивления изоляции электродвигателя (работа ТО-2).
2. Ревизия питающих кабельных линий и контактных соединений электродвигателя (внеплановая).
ПЛАНОВЫЙ РЕМОНТ: Стадия «Предупреждение»: досрочный (внеплановый) вывод в ремонт на текущий момент не требуется."
Qwen 3.5 9B,Предупреждение — электрика,warning,2,18.83,16.7,314,3095,1101,True,True,3,True,True,"АГРЕГАТ: MNHV_005   |   ВРЕМЯ СОБЫТИЯ: 2026-05-30 20:10:00
СТАТУС: Предупреждение, Тип В: Электрика, агрегат находится в зоне риска из-за аномалий тока.
ДИАГНОЗ И ОБОСНОВАНИЕ: Агрегат демонстрирует признаки перегрузки двигателя (повышенное потребление тока) и проблемы в электрической части, что подтверждается ростом среднего и максимального тока, а также дисперсии тока по данным модели классификации (Руководство по эксплуатации МНХВ).
ПРЕДПИСАНИЕ (ДЕЙСТВИЯ ОПЕРАТОРА):
1. Связаться с энергодиспетчером для проверки качества питающей сети.
2. Наблюдать за параметрами агрегата в течение 15 минут без остановки технологического процесса.
3. Зафиксировать характер аномалии тока и проверить, не вызвана ли она внешним изменением гидравлического сопротивления сети (действиями потребителя).
РЕКОМЕНДАЦИИ ТОиР (РЕМОНТНОЙ БРИГАДЕ):
1. Проверка сопротивления изоляции электродвигателя (работа ТО-2).
2. Ревизия питающих кабельных линий и контактных соединений электродвигателя (внеплановая).
ПЛАНОВЫЙ РЕМОНТ: Стадия «Предупреждение»: досрочный (внеплановый) вывод в ремонт на текущий момент не требуется."
Qwen 3.5 9B,Авария — электрика,critical,0,16.71,16.7,279,2859,912,True,True,2,True,True,"АГРЕГАТ: MNHV_005   |   ВРЕМЯ СОБЫТИЯ: 2026-05-30 20:47:00
СТАТУС: АВАРИЯ, Тип В: Электрика — критическое состояние с вероятностью отказа 100.0%
ДИАГНОЗ И ОБОСНОВАНИЕ: Агрегат демонстрирует признаки перегрузки двигателя и электрического дефекта (устойчивое превышение тока, высокие стандартные отклонения), что подтверждается моделью классификации. (Регламент ТО предприятия)
ПРЕДПИСАНИЕ (ДЕЙСТВИЯ ОПЕРАТОРА):
1. Обесточить агрегат.
2. Изолировать агрегат и передать электрооборудование на проверку службе главного энергетика.
РЕКОМЕНДАЦИИ ТОиР (РЕМОНТНОЙ БРИГАДЕ):
1. Проверка сопротивления изоляции электродвигателя (работа ТО-2).
2. Ревизия питающих кабельных линий и контактных соединений электродвигателя (внеплановая).
ПЛАНОВЫЙ РЕМОНТ: Вероятность аварии 100% превышает порог 80% — ТРЕБУЕТСЯ внеплановый вывод по техническому состоянию (Repair-on-condition). Плановый капитальный ремонт (КР): декабрь 2026."
Qwen 3.5 9B,Авария — электрика,critical,1,15.8,16.7,264,2859,882,True,True,2,True,True,"АГРЕГАТ: MNHV_005   |   ВРЕМЯ СОБЫТИЯ: 2026-05-30 20:47:00
СТАТУС: АВАРИЯ, Тип В: Электрика — критическое состояние с вероятностью отказа 100.0%
ДИАГНОЗ И ОБОСНОВАНИЕ: Агрегат демонстрирует признаки перегрузки двигателя и электрического дефекта (устойчивое повышение тока и вибрации), что соответствует описанию неисправности 3 в руководстве по эксплуатации. (Руководство по эксплуатации МНХВ)
ПРЕДПИСАНИЕ (ДЕЙСТВИЯ ОПЕРАТОРА):
1. Обесточить агрегат.
2. Изолировать агрегат и передать электрооборудование на проверку службе главного энергетика.
РЕКОМЕНДАЦИИ ТОиР (РЕМОНТНОЙ БРИГАДЕ):
1. Проверка сопротивления изоляции электродвигателя (работа ТО-2).
2. Ревизия питающих кабельных линий и контактных соединений электродвигателя (внеплановая).
ПЛАНОВЫЙ РЕМОНТ: Вероятность аварии 100% превышает порог 80% — ТРЕБУЕТСЯ внеплановый вывод по техническому состоянию (Repair-on-condition)."
Qwen 3.5 9B,Авария — электрика,critical,2,17.03,16.7,284,2859,946,True,True,2,True,True,"АГРЕГАТ: MNHV_005   |   ВРЕМЯ СОБЫТИЯ: 2026-05-30 20:47:00
СТАТУС: АВАРИЯ, Тип В: Электрика — критическое состояние агрегата с вероятностью отказа 100.0%
ДИАГНОЗ И ОБОСНОВАНИЕ: Агрегат демонстрирует признаки перегрузки двигателя и электрического дефекта (устойчивое повышение тока и вибрации), что указывает на проблемы в электрической части или изменение гидравлического сопротивления сети (Руководство по эксплуатации МНХВ)
ПРЕДПИСАНИЕ (ДЕЙСТВИЯ ОПЕРАТОРА):
1. Обесточить агрегат.
2. Изолировать агрегат и передать электрооборудование на проверку службе главного энергетика.
РЕКОМЕНДАЦИИ ТОиР (РЕМОНТНОЙ БРИГАДЕ):
1. Проверка сопротивления изоляции электродвигателя (работа ТО-2).
2. Ревизия питающих кабельных линий и контактных соединений электродвигателя (внеплановая).
ПЛАНОВЫЙ РЕМОНТ: Вероятность аварии 100% превышает порог 80% — ТРЕБУЕТСЯ внеплановый вывод по техническому состоянию (Repair-on-condition), плановая дата КР: декабрь 2026."
Phi-4 14B,Предупреждение — перегрев,warning,0,51.96,14.0,728,4790,1520,True,True,4,True,True,"АГРЕГАТ: MNHV_005   |   ВРЕМЯ СОБЫТИЯ: 2026-06-21 09:39:00
СТАТУС: Предупреждение, Тип А: Перегрев — увеличенная температура и вибрация выше нормы.

ДИАГНОЗ И ОБОСНОВАНИЕ: Наблюдается повышение температуры подшипникового узла (temperature_mean_60 = 88.957 °C и temperature_mean_30 = 89.894 °C), что указывает на перегрев, а также вибрация выше порога предупреждения (vibration_mean_30 = 5.321 мм/с). Эти признаки связаны с возможными причинами износа подшипников или несоосности валов, что может привести к повышенной вибрации и температуре. (Руководство по эксплуатации МНХВ)

ПРЕДПИСАНИЕ (ДЕЙСТВИЯ ОПЕРАТОРА):
1. Перевести агрегат под усиленный контроль: участить опрос температуры подшипникового узла и тока двигателя.
2. Проверить уровень и состояние масла в подшипниковом узле через смотровое окно; при снижении уровня или потемнении масла — отобрать пробу (объём работ ТО-1).
3. Проверить отсутствие посторонних шумов, локального нагрева и повышенной вибрации (контрольный порог 3,0 мм/с по руководству МНХВ).
4. Привести режим работы к расчётным параметрам, не допускать длительной работы с закрытым клапаном нагнетания; подготовить резервный агрегат к возможному переключению. Останов не выполнять, пока параметры не вошли в красную зону.

РЕКОМЕНДАЦИИ ТОиР (РЕМОНТНОЙ БРИГАДЕ):
1. Замена подшипников качения.
2. Лазерная центровка валов насоса и электродвигателя.
3. Отбор проб масла и замена смазки в картере подшипника.

ПЛАНОВЫЙ РЕМОНТ: Досрочный вывод в ремонт не требуется, плановая дата КР — декабрь 2026."
Phi-4 14B,Предупреждение — перегрев,warning,1,51.54,14.2,732,4790,1509,True,True,4,True,True,"АГРЕГАТ: MNHV_005   |   ВРЕМЯ СОБЫТИЯ: 2026-06-21 09:39:00
СТАТУС: Предупреждение, Тип А: Перегрев — увеличенная температура и вибрация выше нормы.

ДИАГНОЗ И ОБОСНОВАНИЕ: Увеличенные значения средней температуры (88.957 °C и 89.894 °C) указывают на перегрев, что соответствует Типу А отказов. Вибрация выше порога предупреждения (5.321 мм/с против нормы 3.0 мм/с), хотя и не достигает критического уровня, требует внимания. Эти показатели свидетельствуют о потенциальных проблемах с подшипниками или центровкой (Руководство по эксплуатации МНХВ).

ПРЕДПИСАНИЕ (ДЕЙСТВИЯ ОПЕРАТОРА):
1. Перевести агрегат под усиленный контроль: участить опрос температуры подшипникового узла и тока двигателя.
2. Проверить уровень и состояние масла в подшипниковом узле через смотровое окно; при снижении уровня или потемнении масла — отобрать пробу (объём работ ТО-1).
3. Проверить отсутствие посторонних шумов, локального нагрева и повышенной вибрации (контрольный порог 3,0 мм/с по руководству МНХВ).
4. Привести режим работы к расчётным параметрам, не допускать длительной работы с закрытым клапаном нагнетания; подготовить резервный агрегат к возможному переключению. Останов не выполнять, пока параметры не вошли в красную зону.

РЕКОМЕНДАЦИИ ТОиР (РЕМОНТНОЙ БРИГАДЕ):
1. Замена подшипников качения.
2. Лазерная центровка валов насоса и электродвигателя.
3. Отбор проб масла и замена смазки в картере подшипника.

ПЛАНОВЫЙ РЕМОНТ: Досрочный вывод в ремонт на текущий момент не требуется. Плановая дата КР — декабрь 2026."
Phi-4 14B,Предупреждение — перегрев,warning,2,47.53,14.1,672,4790,1390,True,True,4,True,True,"АГРЕГАТ: MNHV_005   |   ВРЕМЯ СОБЫТИЯ: 2026-06-21 09:39:00
СТАТУС: Предупреждение, Тип А: Перегрев — уверенность 100.0%, ток и вибрация выше нормы.

ДИАГНОЗ И ОБОСНОВАНИЕ: Вибрация превышает порог предупреждения, а температура подшипниковых узлов находится в жёлтой зоне. Это указывает на возможный износ подшипников или несоосность валов, что может привести к перегреву и повышенной вибрации (Руководство по эксплуатации МНХВ).

ПРЕДПИСАНИЕ (ДЕЙСТВИЯ ОПЕРАТОРА):
1. Перевести агрегат под усиленный контроль: участить опрос температуры подшипникового узла и тока двигателя.
2. Проверить уровень и состояние масла в подшипниковом узле через смотровое окно; при снижении уровня или потемнении масла — отобрать пробу (объём работ ТО-1).
3. Проверить отсутствие посторонних шумов, локального нагрева и повышенной вибрации (контрольный порог 3,0 мм/с по руководству МНХВ).
4. Привести режим работы к расчётным параметрам, не допускать длительной работы с закрытым клапаном нагнетания; подготовить резервный агрегат к возможному переключению. Останов не выполнять, пока параметры не вошли в красную зону.

РЕКОМЕНДАЦИИ ТОиР (РЕМОНТНОЙ БРИГАДЕ):
1. Замена подшипников качения.
2. Лазерная центровка валов насоса и электродвигателя.
3. Отбор проб масла и замена смазки в картере подшипника.

ПЛАНОВЫЙ РЕМОНТ: Досрочный вывод в ремонт на текущий момент не требуется, плановая дата КР — декабрь 2026."
Phi-4 14B,Авария — перегрев,critical,0,37.28,14.5,540,4591,1089,True,True,4,True,True,"АГРЕГАТ: MNHV_005   |   ВРЕМЯ СОБЫТИЯ: 2026-06-21 10:25:00
СТАТУС: Авария, Тип А: Перегрев — критическое состояние с превышением порогов температуры и вибрации.

ДИАГНОЗ И ОБОСНОВАНИЕ: Высокая температура (96.176 °C) и вибрация (8.728 мм/с) указывают на перегрев и неисправности, такие как износ подшипников или дефекты центровки, что может привести к заклиниванию ротора. Эти симптомы соответствуют условиям аварии по нормативам (Руководство по эксплуатации МНХВ).

ПРЕДПИСАНИЕ (ДЕЙСТВИЯ ОПЕРАТОРА):
1. Немедленно остановить агрегат во избежание заклинивания ротора.
2. Изолировать насос задвижками от магистрали.
3. Направить ремонтную бригаду для проверки наличия и состояния масла в картере подшипника.
4. Провести лазерную центровку агрегата перед повторным пуском.

РЕКОМЕНДАЦИИ ТОиР (РЕМОНТНОЙ БРИГАДЕ):
1. Замена подшипников качения.
2. Лазерная центровка валов насоса и электродвигателя.
3. Отбор проб масла и замена смазки в картере подшипника.

ПЛАНОВЫЙ РЕМОНТ: Вероятность аварии 100% требует внепланового вывода по техническому состоянию. Плановая дата КР — декабрь 2026 года."
Phi-4 14B,Авария — перегрев,critical,1,36.44,13.9,507,4591,1017,True,True,4,True,True,"АГРЕГАТ: MNHV_005   |   ВРЕМЯ СОБЫТИЯ: 2026-06-21 10:25:00
СТАТУС: Авария, Тип А: Перегрев — критическое состояние агрегата MNHV_005.

ДИАГНОЗ И ОБОСНОВАНИЕ: Высокая температура и вибрация привели к аварийному состоянию. Температура значительно превышает критический порог, что указывает на перегрев подшипниковых узлов (Руководство по эксплуатации МНХВ).

ПРЕДПИСАНИЕ (ДЕЙСТВИЯ ОПЕРАТОРА):
1. Немедленно остановить агрегат во избежание заклинивания ротора.
2. Изолировать насос задвижками от магистрали.
3. Направить ремонтную бригаду для проверки наличия и состояния масла в картере подшипника.
4. Провести лазерную центровку агрегата перед повторным пуском.

РЕКОМЕНДАЦИИ ТОиР (РЕМОНТНОЙ БРИГАДЕ):
1. Замена подшипников качения.
2. Лазерная центровка валов насоса и электродвигателя.
3. Отбор проб масла и замена смазки в картере подшипника.

ПЛАНОВЫЙ РЕМОНТ: Вероятность аварии 100% превышает порог 80% — ТРЕБУЕТСЯ внеплановый вывод по техническому состоянию (Repair-on-condition). Плановая дата КР: декабрь 2026."
Phi-4 14B,Авария — перегрев,critical,2,38.42,14.1,543,4591,1111,True,True,4,True,True,"АГРЕГАТ: MNHV_005   |   ВРЕМЯ СОБЫТИЯ: 2026-06-21 10:25:00
СТАТУС: Авария, Тип А: Перегрев — критическое состояние агрегата MNHV_005.

ДИАГНОЗ И ОБОСНОВАНИЕ: Высокие показания температуры и вибрации свидетельствуют о перегреве, что может привести к заклиниванию ротора. Температура значительно превышает критический порог 93.0 °C, а вибрация достигла критического уровня, требующего немедленного останова (Руководство по эксплуатации МНХВ).

ПРЕДПИСАНИЕ (ДЕЙСТВИЯ ОПЕРАТОРА):
1. Немедленно остановить агрегат во избежание заклинивания ротора.
2. Изолировать насос задвижками от магистрали.
3. Направить ремонтную бригаду для проверки наличия и состояния масла в картере подшипника.
4. Провести лазерную центровку агрегата перед повторным пуском.

РЕКОМЕНДАЦИИ ТОиР (РЕМОНТНОЙ БРИГАДЕ):
1. Замена подшипников качения.
2. Лазерная центровка валов насоса и электродвигателя.
3. Отбор проб масла и замена смазки в картере подшипника.

ПЛАНОВЫЙ РЕМОНТ: Вероятность аварии 100% требует внепланового вывода по техническому состоянию. Плановая дата КР — декабрь 2026, рассмотреть возможность досрочного вывода в ремонт."
Phi-4 14B,Предупреждение — кавитация,warning,0,43.05,14.0,602,4774,1220,True,True,4,True,True,"АГРЕГАТ: MNHV_005   |   ВРЕМЯ СОБЫТИЯ: 2026-06-25 12:43:00
СТАТУС: Предупреждение, кавитация — увеличенная вибрация на всасывающей и напорной линиях.

ДИАГНОЗ И ОБОСНОВАНИЕ: Увеличенные показания вибрации (vibration_mean_60 = 7.232 мм/с, vibration_mean_30 = 7.344 мм/с) превышают порог предупреждения 3.0 мм/с, указывая на возможную кавитацию (Руководство по эксплуатации МНХВ).

ПРЕДПИСАНИЕ (ДЕЙСТВИЯ ОПЕРАТОРА):
1. Усилить контроль вибрации и давления на всасывающей и напорной линиях.
2. Проверить подпор на всасывании (обеспечить NPSHa > NPSHr) и состояние всасывающего фильтра на засор.
3. Скорректировать режим: не допускать подачу ниже 30 % от номинала; при наличии ЧРП плавно снизить обороты для вывода из зоны кавитации.
4. При сохранении или нарастании вибрации подготовить агрегат к выводу из работы. Аварийный останов не выполнять, пока вибрация не превысила 8,0 мм/с.

РЕКОМЕНДАЦИИ ТОиР (РЕМОНТНОЙ БРИГАДЕ):
1. Дефектоскопия рабочего колеса.
2. Динамическая балансировка ротора по классу G2.5.
3. Проверка и очистка фильтров на всасывающей линии.
4. Замена торцевого уплотнения при выявлении износа.

ПЛАНОВЫЙ РЕМОНТ: Досрочный вывод в ремонт на текущий момент не требуется, плановая дата КР — декабрь 2026."
Phi-4 14B,Предупреждение — кавитация,warning,1,46.36,14.2,657,4774,1366,True,True,4,True,True,"АГРЕГАТ: MNHV_005   |   ВРЕМЯ СОБЫТИЯ: 2026-06-25 12:43:00
СТАТУС: Предупреждение, Тип Б: Кавитация — увеличенная вибрация и повышенный риск аварии.

ДИАГНОЗ И ОБОСНОВАНИЕ: Уровни вибрации превысили порог предупреждения, что указывает на возможную кавитацию. Это подтверждается высокими значениями средней и максимальной вибрации, а также дополнительными признаками, такими как температура и давление. Кавитация может быть вызвана недостаточным подпором на всасывании или засором фильтров (Руководство по эксплуатации МНХВ).

ПРЕДПИСАНИЕ (ДЕЙСТВИЯ ОПЕРАТОРА):
1. Усилить контроль вибрации и давления на всасывающей и напорной линиях.
2. Проверить подпор на всасывании (обеспечить NPSHa > NPSHr) и состояние всасывающего фильтра на засор.
3. Скорректировать режим: не допускать подачу ниже 30 % от номинала; при наличии ЧРП плавно снизить обороты для вывода из зоны кавитации.
4. При сохранении или нарастании вибрации подготовить агрегат к выводу из работы. Аварийный останов не выполнять, пока вибрация не превысила 8,0 мм/с.

РЕКОМЕНДАЦИИ ТОиР (РЕМОНТНОЙ БРИГАДЕ):
1. Дефектоскопия рабочего колеса.
2. Динамическая балансировка ротора по классу G2.5.
3. Проверка и очистка фильтров на всасывающей линии.
4. Замена торцевого уплотнения при выявлении износа.

ПЛАНОВЫЙ РЕМОНТ: Досрочный вывод в ремонт на текущий момент не требуется, плановая дата КР — декабрь 2026."
Phi-4 14B,Предупреждение — кавитация,warning,2,45.43,14.0,637,4774,1312,True,True,4,True,True,"АГРЕГАТ: MNHV_005   |   ВРЕМЯ СОБЫТИЯ: 2026-06-25 12:43:00
СТАТУС: Предупреждение, Тип Б: Кавитация — увеличенная вибрация на пороге предупреждения.

ДИАГНОЗ И ОБОСНОВАНИЕ: Увеличенные показания вибрации (vibration_mean_60 и vibration_mean_30) превышают порог предупреждения 3.0 мм/с, что указывает на возможную кавитацию. Это подтверждается высоким вкладом SHAP для этих показателей и типичными признаками кавитации, такими как широкополосная вибрация (Руководство по эксплуатации МНХВ).

ПРЕДПИСАНИЕ (ДЕЙСТВИЯ ОПЕРАТОРА):
1. Усилить контроль вибрации и давления на всасывающей и напорной линиях.
2. Проверить подпор на всасывании (обеспечить NPSHa > NPSHr) и состояние всасывающего фильтра на засор.
3. Скорректировать режим: не допускать подачу ниже 30 % от номинала; при наличии ЧРП плавно снизить обороты для вывода из зоны кавитации.
4. При сохранении или нарастании вибрации подготовить агрегат к выводу из работы. Аварийный останов не выполнять, пока вибрация не превысила 8,0 мм/с.

РЕКОМЕНДАЦИИ ТОиР (РЕМОНТНОЙ БРИГАДЕ):
1. Дефектоскопия рабочего колеса.
2. Динамическая балансировка ротора по классу G2.5.
3. Проверка и очистка фильтров на всасывающей линии.
4. Замена торцевого уплотнения при выявлении износа.

ПЛАНОВЫЙ РЕМОНТ: Досрочный вывод в ремонт не требуется, плановая дата КР — декабрь 2026."
Phi-4 14B,Авария — кавитация,critical,0,46.8,12.5,586,4605,1216,True,True,3,True,True,"АГРЕГАТ: MNHV_005   |   ВРЕМЯ СОБЫТИЯ: 2026-06-25 13:20:00
СТАТУС: Авария, Тип Б: Кавитация — критическое состояние с превышением порогов вибрации.

ДИАГНОЗ И ОБОСНОВАНИЕ: Показания датчиков указывают на критический уровень вибрации, значительно превышающий нормативные значения (8.0 мм/с), что свидетельствует о кавитации. Это подтверждается высокими показаниями давления и вибрации, которые способствуют данному типу отказа. Действия должны быть предприняты немедленно для предотвращения дальнейшего повреждения оборудования (Руководство по эксплуатации МНХВ).

ПРЕДПИСАНИЕ (ДЕЙСТВИЯ ОПЕРАТОРА):
1. Снизить частоту вращения привода или прикрыть напорную задвижку для вывода насоса из режима кавитации.
2. Проверить давление на всасывающей линии (возможно засорение фильтра).
3. При сохранении вибрации — аварийный останов агрегата.

РЕКОМЕНДАЦИИ ТОиР (РЕМОНТНОЙ БРИГАДЕ):
1. Дефектоскопия рабочего колеса.
2. Динамическая балансировка ротора по классу G2.5.
3. Проверка и очистка фильтров на всасывающей линии.
4. Замена торцевого уплотнения при выявлении износа.

ПЛАНОВЫЙ РЕМОНТ: Вероятность аварии 100% превышает порог 80% — ТРЕБУЕТСЯ внеплановый вывод по техническому состоянию. Плановая дата КР: декабрь 2026."
Phi-4 14B,Авария — кавитация,critical,1,40.18,13.4,539,4605,1095,True,True,3,True,True,"АГРЕГАТ: MNHV_005   |   ВРЕМЯ СОБЫТИЯ: 2026-06-25 13:20:00
СТАТУС: Авария, Тип Б: Кавитация — критическое состояние с превышением порогов вибрации.

ДИАГНОЗ И ОБОСНОВАНИЕ: Показатели вибрации значительно превышают критический порог 8.0 мм/с, что указывает на активную кавитацию и повышенный риск аварии. Дополнительные признаки включают высокие значения давления и вибрации, подтверждающие этот тип отказа (Руководство по эксплуатации МНХВ).

ПРЕДПИСАНИЕ (ДЕЙСТВИЯ ОПЕРАТОРА):
1. Снизить частоту вращения привода или прикрыть напорную задвижку для вывода насоса из режима кавитации.
2. Проверить давление на всасывающей линии (возможно засорение фильтра).
3. При сохранении вибрации — аварийный останов агрегата.

РЕКОМЕНДАЦИИ ТОиР (РЕМОНТНОЙ БРИГАДЕ):
1. Дефектоскопия рабочего колеса.
2. Динамическая балансировка ротора по классу G2.5.
3. Проверка и очистка фильтров на всасывающей линии.
4. Замена торцевого уплотнения при выявлении износа.

ПЛАНОВЫЙ РЕМОНТ: Вероятность аварии 100% превышает порог 80% — ТРЕБУЕТСЯ внеплановый вывод по техническому состоянию. Плановая дата КР: декабрь 2026."
Phi-4 14B,Авария — кавитация,critical,2,40.36,13.6,549,4605,1117,True,True,3,True,True,"АГРЕГАТ: MNHV_005   |   ВРЕМЯ СОБЫТИЯ: 2026-06-25 13:20:00
СТАТУС: Авария, Тип Б: Кавитация — критическое состояние с превышением порогов вибрации.

ДИАГНОЗ И ОБОСНОВАНИЕ: Показатели вибрации значительно превышают критический порог 8.0 мм/с, что указывает на активную кавитацию и повышенный риск аварии. Дополнительные признаки включают высокие значения давления и вибрации, подтверждающие диагностику типа отказа как кавитация. (Руководство по эксплуатации МНХВ)

ПРЕДПИСАНИЕ (ДЕЙСТВИЯ ОПЕРАТОРА):
1. Снизить частоту вращения привода или прикрыть напорную задвижку для вывода насоса из режима кавитации.
2. Проверить давление на всасывающей линии (возможно засорение фильтра).
3. При сохранении вибрации — аварийный останов агрегата.

РЕКОМЕНДАЦИИ ТОиР (РЕМОНТНОЙ БРИГАДЕ):
1. Дефектоскопия рабочего колеса.
2. Динамическая балансировка ротора по классу G2.5.
3. Проверка и очистка фильтров на всасывающей линии.
4. Замена торцевого уплотнения при выявлении износа.

ПЛАНОВЫЙ РЕМОНТ: Вероятность аварии 100% превышает порог 80% — ТРЕБУЕТСЯ внеплановый вывод по техническому состоянию. Плановая дата КР: декабрь 2026."
Phi-4 14B,Предупреждение — электрика,warning,0,40.12,14.3,575,4531,1227,True,True,3,True,True,"АГРЕГАТ: MNHV_005   |   ВРЕМЯ СОБЫТИЯ: 2026-05-30 20:10:00
СТАТУС: Предупреждение, Тип В: Электрика — повышенное потребление тока без нарушения норм вибрации и температуры.

ДИАГНОЗ И ОБОСНОВАНИЕ: Повышение среднего значения тока указывает на возможную перегрузку двигателя, что может быть связано либо с проблемами в электрической части (витковое замыкание статора или просадка напряжения), либо с изменением гидравлического сопротивления сети. Вибрация находится в пределах нормы, что исключает механические неисправности как основную причину повышения тока (Руководство по эксплуатации МНХВ).

ПРЕДПИСАНИЕ (ДЕЙСТВИЯ ОПЕРАТОРА):
1. Связаться с энергодиспетчером для проверки качества питающей сети.
2. Наблюдать за параметрами агрегата в течение 15 минут без остановки технологического процесса.
3. Зафиксировать характер аномалии тока и проверить, не вызвана ли она внешним изменением гидравлического сопротивления сети (действиями потребителя).

РЕКОМЕНДАЦИИ ТОиР (РЕМОНТНОЙ БРИГАДЕ):
1. Проверка сопротивления изоляции электродвигателя.
2. Ревизия питающих кабельных линий и контактных соединений электродвигателя.

ПЛАНОВЫЙ РЕМОНТ: Досрочный вывод в ремонт на текущий момент не требуется. Плановая дата КР — декабрь 2026."
Phi-4 14B,Предупреждение — электрика,warning,1,39.29,13.7,538,4531,1147,True,True,3,True,True,"АГРЕГАТ: MNHV_005   |   ВРЕМЯ СОБЫТИЯ: 2026-05-30 20:10:00
СТАТУС: Предупреждение, Тип В: Электрика — повышенный ток и нормальная вибрация.

ДИАГНОЗ И ОБОСНОВАНИЕ: Высокие значения среднего тока (current_mean_60, current_mean_30, current_mean_15) указывают на возможную перегрузку двигателя или проблемы в электрической части. Вибрация находится в пределах нормы, что исключает механические неисправности как основную причину повышения тока (Руководство по эксплуатации МНХВ).

ПРЕДПИСАНИЕ (ДЕЙСТВИЯ ОПЕРАТОРА):
1. Связаться с энергодиспетчером для проверки качества питающей сети.
2. Наблюдать за параметрами агрегата в течение 15 минут без остановки технологического процесса.
3. Зафиксировать характер аномалии тока и проверить, не вызвана ли она внешним изменением гидравлического сопротивления сети (действиями потребителя).

РЕКОМЕНДАЦИИ ТОиР (РЕМОНТНОЙ БРИГАДЕ):
1. Проверка сопротивления изоляции электродвигателя (работа ТО-2).
2. Ревизия питающих кабельных линий и контактных соединений электродвигателя (внеплановая).

ПЛАНОВЫЙ РЕМОНТ: Досрочный вывод в ремонт на текущий момент не требуется. Плановый капитальный ремонт — декабрь 2026."
Phi-4 14B,Предупреждение — электрика,warning,2,42.17,13.8,583,4531,1249,True,True,3,True,True,"АГРЕГАТ: MNHV_005   |   ВРЕМЯ СОБЫТИЯ: 2026-05-30 20:10:00
СТАТУС: Предупреждение, Тип В: Электрика — повышенное потребление тока без аварийного состояния.

ДИАГНОЗ И ОБОСНОВАНИЕ: Высокие значения среднего тока (current_mean_60, current_mean_30, current_mean_15) указывают на возможную перегрузку двигателя или проблемы в электрической части. Вибрация находится в пределах жёлтой зоны, что может свидетельствовать о несоосности или дисбалансе ротора. Предполагаемые причины: проблемы с электрической частью или изменение гидравлического сопротивления (Регламент ТО предприятия).

ПРЕДПИСАНИЕ (ДЕЙСТВИЯ ОПЕРАТОРА):
1. Связаться с энергодиспетчером для проверки качества питающей сети.
2. Наблюдать за параметрами агрегата в течение 15 минут без остановки технологического процесса.
3. Зафиксировать характер аномалии тока и проверить, не вызвана ли она внешним изменением гидравлического сопротивления сети (действиями потребителя).

РЕКОМЕНДАЦИИ ТОиР (РЕМОНТНОЙ БРИГАДЕ):
1. Проверка сопротивления изоляции электродвигателя (работа ТО-2).
2. Ревизия питающих кабельных линий и контактных соединений электродвигателя (внеплановая).

ПЛАНОВЫЙ РЕМОНТ: Досрочный вывод в ремонт на текущий момент не требуется. Плановый капитальный ремонт — декабрь 2026."
Phi-4 14B,Авария — электрика,critical,0,38.65,13.5,523,4188,1079,True,True,2,True,True,"АГРЕГАТ: MNHV_005   |   ВРЕМЯ СОБЫТИЯ: 2026-05-30 20:47:00
СТАТУС: Авария, Тип В: Электрика — критическое состояние из-за высоких показаний тока и вибрации.

ДИАГНОЗ И ОБОСНОВАНИЕ: Высокие значения среднего и максимального тока, а также значительная вибрация указывают на электрический дефект, возможно, связанный с проблемами в электрической части (витковое замыкание статора или просадка напряжения) или изменением гидравлического сопротивления. Вибрация выше нормативного значения, что требует диагностики и усиленного контроля (ГОСТ 32601-2013; Руководство по эксплуатации МНХВ).

ПРЕДПИСАНИЕ (ДЕЙСТВИЯ ОПЕРАТОРА):
1. Обесточить агрегат.
2. Изолировать агрегат и передать электрооборудование на проверку службе главного энергетика.

РЕКОМЕНДАЦИИ ТОиР (РЕМОНТНОЙ БРИГАДЕ):
1. Проверка сопротивления изоляции электродвигателя.
2. Ревизия питающих кабельных линий и контактных соединений электродвигателя.

ПЛАНОВЫЙ РЕМОНТ: Вероятность аварии 100% превышает порог 80% — ТРЕБУЕТСЯ внеплановый вывод по техническому состоянию (Repair-on-condition). Плановая дата КР: декабрь 2026."
Phi-4 14B,Авария — электрика,critical,1,37.05,13.7,509,4188,1063,True,True,2,True,True,"АГРЕГАТ: MNHV_005   |   ВРЕМЯ СОБЫТИЯ: 2026-05-30 20:47:00
СТАТУС: Авария, Тип В: Электрика — высокий риск аварии из-за повышенного тока и вибрации.

ДИАГНОЗ И ОБОСНОВАНИЕ: Повышенные значения тока (current_mean_60, current_mean_30, current_mean_15, current_max_15) указывают на электрический дефект, такой как витковое замыкание или просадка напряжения. Вибрация (vibration_mean_30) подтверждает этот тип отказа. Повышенная вибрация может быть связана с несоосностью или износом, но основной проблемой является электрическая неисправность (Регламент ТО предприятия).

ПРЕДПИСАНИЕ (ДЕЙСТВИЯ ОПЕРАТОРА):
1. Обесточить агрегат.
2. Изолировать агрегат и передать электрооборудование на проверку службе главного энергетика.

РЕКОМЕНДАЦИИ ТОиР (РЕМОНТНОЙ БРИГАДЕ):
1. Проверка сопротивления изоляции электродвигателя.
2. Ревизия питающих кабельных линий и контактных соединений электродвигателя.

ПЛАНОВЫЙ РЕМОНТ: Вероятность аварии 100% превышает порог 80% — ТРЕБУЕТСЯ внеплановый вывод по техническому состоянию (Repair-on-condition). Плановая дата КР: декабрь 2026."
Phi-4 14B,Авария — электрика,critical,2,35.23,14.2,500,4188,1044,True,True,2,True,True,"АГРЕГАТ: MNHV_005   |   ВРЕМЯ СОБЫТИЯ: 2026-05-30 20:47:00
СТАТУС: Авария, Тип В: Электрика — высокий риск аварии из-за повышенного тока и вибрации.

ДИАГНОЗ И ОБОСНОВАНИЕ: Повышенные значения тока (current_mean_60, current_mean_30, current_mean_15, current_max_15) указывают на электрический дефект, такой как витковое замыкание или просадка напряжения. Вибрация (vibration_mean_30) подтверждает этот тип отказа. Повышенная вибрация может быть связана с несоосностью или износом компонентов, что увеличивает риск аварии (Регламент ТО предприятия).

ПРЕДПИСАНИЕ (ДЕЙСТВИЯ ОПЕРАТОРА):
1. Обесточить агрегат.
2. Изолировать агрегат и передать электрооборудование на проверку службе главного энергетика.

РЕКОМЕНДАЦИИ ТОиР (РЕМОНТНОЙ БРИГАДЕ):
1. Проверка сопротивления изоляции электродвигателя.
2. Ревизия питающих кабельных линий и контактных соединений электродвигателя.

ПЛАНОВЫЙ РЕМОНТ: Вероятность аварии 100% превышает порог 80% — ТРЕБУЕТСЯ внеплановый вывод по техническому состоянию (Repair-on-condition). Плановая дата КР: декабрь 2026."
YandexGPT-5 8B,Предупреждение — перегрев,warning,0,16.57,22.5,373,2707,1501,True,True,4,True,True,"АГРЕГАТ: MNHV_005   |   ВРЕМЯ СОБЫТИЯ: 2026-06-21 09:39:00
СТАТУС: Предупреждение (Тип А: Перегрев — уверенность 100.0%, вероятность аварии: 0.0%)
ДИАГНОЗ И ОБОСНОВАНИЕ: Превышены пороги предупреждения по вибрации и температуре подшипникового узла (vibration_mean_30 = 5.321 мм/с > 3.0 мм/с, temperature_mean_60 = 88.957 °C). Согласно Руководству по эксплуатации МНХВ, это указывает на потенциальную перегрузку и необходимость усиленного контроля (Источник: Руководство по эксплуатации МНХВ)
ПРЕДПИСАНИЕ (ДЕЙСТВИЯ ОПЕРАТОРА):
1. Перевести агрегат под усиленный контроль: участить опрос температуры подшипникового узла и тока двигателя.
2. Проверить уровень и состояние масла в подшипниковом узле через смотровое окно; при снижении уровня или потемнении масла — отобрать пробу (объём работ ТО-1).
3. Проверить отсутствие посторонних шумов, локального нагрева и повышенной вибрации (контрольный порог 3,0 мм/с по руководству МНХВ).
4. Привести режим работы к расчётным параметрам, не допускать длительной работы с закрытым клапаном нагнетания; подготовить резервный агрегат к возможному переключению. Останов не выполнять, пока параметры не вошли в красную зону.
РЕКОМЕНДАЦИИ ТОиР (РЕМОНТНОЙ БРИГАДЕ):
1. Замена подшипников качения (работа из перечня капитального ремонта).
2. Лазерная центровка валов насоса и электродвигателя (работа ТО-2).
3. Отбор проб масла и замена смазки в картере подшипника (работа ТО-1).
ПЛАНОВЫЙ РЕМОНТ: Плановый капитальный ремонт (КР) агрегата MNHV_005 — декабрь 2026 года."
YandexGPT-5 8B,Предупреждение — перегрев,warning,1,16.63,22.1,367,2707,1469,True,True,4,True,True,"АГРЕГАТ: MNHV_005   |   ВРЕМЯ СОБЫТИЯ: 2026-06-21 09:39:00
СТАТУС: Предупреждение (Тип А: Перегрев — уверенность 100.0%, вероятность аварии: 0.0%)
ДИАГНОЗ И ОБОСНОВАНИЕ: Превышены пороги предупреждения по вибрации и температуре подшипникового узла (vibration_mean_30 = 5.321 мм/с > 3.0 мм/с, temperature_mean_60 = 88.957 °C). Согласно Руководству по эксплуатации МНХВ, это указывает на потенциальную неисправность [Источник: Руководство по эксплуатации МНХВ].
ПРЕДПИСАНИЕ (ДЕЙСТВИЯ ОПЕРАТОРА):
1. Перевести агрегат под усиленный контроль: участить опрос температуры подшипникового узла и тока двигателя.
2. Проверить уровень и состояние масла в подшипниковом узле через смотровое окно; при снижении уровня или потемнении масла — отобрать пробу (объём работ ТО-1).
3. Проверить отсутствие посторонних шумов, локального нагрева и повышенной вибрации (контрольный порог 3,0 мм/с по руководству МНХВ).
4. Привести режим работы к расчётным параметрам, не допускать длительной работы с закрытым клапаном нагнетания; подготовить резервный агрегат к возможному переключению. Останов не выполнять, пока параметры не вошли в красную зону.
РЕКОМЕНДАЦИИ ТОиР (РЕМОНТНОЙ БРИГАДЕ):
1. Замена подшипников качения (работа из перечня капитального ремонта).
2. Лазерная центровка валов насоса и электродвигателя (работа ТО-2).
3. Отбор проб масла и замена смазки в картере подшипника (работа ТО-1).
ПЛАНОВЫЙ РЕМОНТ: Плановый капитальный ремонт (КР) агрегата MNHV_005 — декабрь 2026 года."
YandexGPT-5 8B,Предупреждение — перегрев,warning,2,16.73,21.9,367,2707,1469,True,True,4,True,True,"АГРЕГАТ: MNHV_005   |   ВРЕМЯ СОБЫТИЯ: 2026-06-21 09:39:00
СТАТУС: Предупреждение (Тип А: Перегрев — уверенность 100.0%, вероятность аварии: 0.0%)
ДИАГНОЗ И ОБОСНОВАНИЕ: Превышены пороги предупреждения по вибрации и температуре подшипникового узла (vibration_mean_30 = 5.321 мм/с > 3.0 мм/с, temperature_mean_60 = 88.957 °C). Согласно Руководству по эксплуатации МНХВ, это указывает на потенциальную неисправность [Источник: Руководство по эксплуатации МНХВ].
ПРЕДПИСАНИЕ (ДЕЙСТВИЯ ОПЕРАТОРА):
1. Перевести агрегат под усиленный контроль: участить опрос температуры подшипникового узла и тока двигателя.
2. Проверить уровень и состояние масла в подшипниковом узле через смотровое окно; при снижении уровня или потемнении масла — отобрать пробу (объём работ ТО-1).
3. Проверить отсутствие посторонних шумов, локального нагрева и повышенной вибрации (контрольный порог 3,0 мм/с по руководству МНХВ).
4. Привести режим работы к расчётным параметрам, не допускать длительной работы с закрытым клапаном нагнетания; подготовить резервный агрегат к возможному переключению. Останов не выполнять, пока параметры не вошли в красную зону.
РЕКОМЕНДАЦИИ ТОиР (РЕМОНТНОЙ БРИГАДЕ):
1. Замена подшипников качения (работа из перечня капитального ремонта).
2. Лазерная центровка валов насоса и электродвигателя (работа ТО-2).
3. Отбор проб масла и замена смазки в картере подшипника (работа ТО-1).
ПЛАНОВЫЙ РЕМОНТ: Плановый капитальный ремонт (КР) агрегата MNHV_005 — декабрь 2026 года."
YandexGPT-5 8B,Авария — перегрев,critical,0,14.27,22.6,322,2637,1204,True,True,4,True,True,"АГРЕГАТ: MNHV_005   |   ВРЕМЯ СОБЫТИЯ: 2026-06-21 10:25:00
СТАТУС: Авария — Перегрев — Агрегат перегрет и имеет критическую вибрацию
ДИАГНОЗ И ОБОСНОВАНИЕ: Превышены критические пороги температуры (96,176 °C при норме до 93,0 °C) и вибрации (7,658 мм/с при норме до 3,0 мм/с). Также превышен критический порог вибрации (8,728 мм/с при норме до 8,0 мм/с). Согласно [Источник: Руководство по эксплуатации МНХВ], при вибрации ≥ 8,0 мм/с требуется немедленный останов. (Источник: Руководство по эксплуатации МНХВ)
ПРЕДПИСАНИЕ (ДЕЙСТВИЯ ОПЕРАТОРА):
1. Немедленно остановить агрегат во избежание заклинивания ротора.
2. Изолировать насос задвижками от магистрали.
3. Направить ремонтную бригаду для проверки наличия и состояния масла в картере подшипника.
4. Провести лазерную центровку агрегата перед повторным пуском.
РЕКОМЕНДАЦИИ ТОиР (РЕМОНТНОЙ БРИГАДЕ):
1. Замена подшипников качения (работа из перечня капитального ремонта).
2. Лазерная центровка валов насоса и электродвигателя (работа ТО-2).
3. Отбор проб масла и замена смазки в картере подшипника (работа ТО-1).
ПЛАНОВЫЙ РЕМОНТ: Вероятность аварии 100% превышает порог 80% — ТРЕБУЕТСЯ внеплановый вывод по техническому состоянию (Repair-on-condition)"
YandexGPT-5 8B,Авария — перегрев,critical,1,13.83,21.8,302,2637,1154,True,True,4,True,True,"АГРЕГАТ: MNHV_005   |   ВРЕМЯ СОБЫТИЯ: 2026-06-21 10:25:00
СТАТУС: Авария — Перегрев — Агрегат перегрет и имеет критическую вибрацию
ДИАГНОЗ И ОБОСНОВАНИЕ: Превышены критические пороги температуры (96,176 °C при норме до 93,0 °C) и вибрации (7,658 мм/с при норме до 3,0 мм/с). Также превышен критический порог вибрации (8,728 мм/с при норме до 8,0 мм/с). Согласно [Источник: Руководство по эксплуатации МНХВ], необходима немедленная остановка агрегата. (Источник: Руководство по эксплуатации МНХВ)
ПРЕДПИСАНИЕ (ДЕЙСТВИЯ ОПЕРАТОРА):
1. Немедленно остановить агрегат во избежание заклинивания ротора.
2. Изолировать насос задвижками от магистрали.
3. Направить ремонтную бригаду для проверки наличия и состояния масла в картере подшипника.
4. Провести лазерную центровку агрегата перед повторным пуском.
РЕКОМЕНДАЦИИ ТОиР (РЕМОНТНОЙ БРИГАДЕ):
1. Замена подшипников качения (работа из перечня капитального ремонта).
2. Лазерная центровка валов насоса и электродвигателя (работа ТО-2).
3. Отбор проб масла и замена смазки в картере подшипника (работа ТО-1).
ПЛАНОВЫЙ РЕМОНТ: Требуемый внеплановый вывод по техническому состоянию, ремонт до декабря 2026 года."
YandexGPT-5 8B,Авария — перегрев,critical,2,14.3,21.8,312,2637,1234,True,True,4,True,True,"АГРЕГАТ: MNHV_005   |   ВРЕМЯ СОБЫТИЯ: 2026-06-21 10:25:00
СТАТУС: Авария — Перегрев — агрегат MNHV_005 находится в критическом состоянии
ДИАГНОЗ И ОБОСНОВАНИЕ: Превышены критические пороги температуры (температура mean_30 = 96,176 °C) и вибрации (вибрация mean_30 = 8,728 мм/с), что указывает на перегрев подшипниковых узлов и необходимость немедленной остановки агрегата для предотвращения заклинивания ротора. (Источник: Руководство по эксплуатации МНХВ)
ПРЕДПИСАНИЕ (ДЕЙСТВИЯ ОПЕРАТОРА):
1. Немедленно остановить агрегат во избежание заклинивания ротора.
2. Изолировать насос задвижками от магистрали.
3. Направить ремонтную бригаду для проверки наличия и состояния масла в картере подшипника.
4. Провести лазерную центровку агрегата перед повторным пуском.
РЕКОМЕНДАЦИИ ТОиР (РЕМОНТНОЙ БРИГАДЕ):
1. Замена подшипников качения (работа из перечня капитального ремонта).
2. Лазерная центровка валов насоса и электродвигателя (работа ТО-2).
3. Отбор проб масла и замена смазки в картере подшипника (работа ТО-1).
ПЛАНОВЫЙ РЕМОНТ: Вероятность аварии 100% превышает порог 80% — ТРЕБУЕТСЯ внеплановый вывод по техническому состоянию (Repair-on-condition), плановый капитальный ремонт агрегата MNHV_005 запланирован на декабрь 2026 года."
YandexGPT-5 8B,Предупреждение — кавитация,warning,0,15.17,22.4,340,2725,1269,True,True,4,True,True,"АГРЕГАТ: MNHV_005   |   ВРЕМЯ СОБЫТИЯ: 2026-06-25 12:43:00
СТАТУС: Предупреждение (Тип Б: Кавитация, вероятность аварии 3.5%)
ДИАГНОЗ И ОБОСНОВАНИЕ: Превышены пороги предупреждения по вибрации на всасывающей и напорной линиях (vibration_mean_60 = 7.232 мм/с, vibration_mean_30 = 7.344 мм/с), что указывает на риск кавитации [Источник: Руководство по эксплуатации МНХВ].
ПРЕДПИСАНИЕ (ДЕЙСТВИЯ ОПЕРАТОРА):
1. Усилить контроль вибрации и давления на всасывающей и напорной линиях.
2. Проверить подпор на всасывании (обеспечить NPSHa > NPSHr) и состояние всасывающего фильтра на засор.
3. Скорректировать режим: не допускать подачу ниже 30 % от номинала; при наличии ЧРП плавно снизить обороты для вывода из зоны кавитации.
4. При сохранении или нарастании вибрации подготовить агрегат к выводу из работы. Аварийный останов не выполнять, пока вибрация не превысила 8,0 мм/с.
РЕКОМЕНДАЦИИ ТОиР (РЕМОНТНОЙ БРИГАДЕ):
1. Дефектоскопия рабочего колеса (работа из перечня капитального ремонта).
2. Динамическая балансировка ротора по классу G2.5 (работа КР).
3. Проверка и очистка фильтров на всасывающей линии (работа ТО-1).
4. Замена торцевого уплотнения при выявлении износа (работа КР).
ПЛАНОВЫЙ РЕМОНТ: Плановый капитальный ремонт (КР) агрегата MNHV_005 — декабрь 2026 года."
YandexGPT-5 8B,Предупреждение — кавитация,warning,1,15.54,21.9,340,2725,1269,True,True,4,True,True,"АГРЕГАТ: MNHV_005   |   ВРЕМЯ СОБЫТИЯ: 2026-06-25 12:43:00
СТАТУС: Предупреждение (Тип Б: Кавитация, вероятность аварии 3.5%)
ДИАГНОЗ И ОБОСНОВАНИЕ: Превышены пороги предупреждения по вибрации на всасывающей и напорной линиях (vibration_mean_60 = 7.232 мм/с, vibration_mean_30 = 7.344 мм/с), что указывает на риск кавитации [Источник: Руководство по эксплуатации МНХВ].
ПРЕДПИСАНИЕ (ДЕЙСТВИЯ ОПЕРАТОРА):
1. Усилить контроль вибрации и давления на всасывающей и напорной линиях.
2. Проверить подпор на всасывании (обеспечить NPSHa > NPSHr) и состояние всасывающего фильтра на засор.
3. Скорректировать режим: не допускать подачу ниже 30 % от номинала; при наличии ЧРП плавно снизить обороты для вывода из зоны кавитации.
4. При сохранении или нарастании вибрации подготовить агрегат к выводу из работы. Аварийный останов не выполнять, пока вибрация не превысила 8,0 мм/с.
РЕКОМЕНДАЦИИ ТОиР (РЕМОНТНОЙ БРИГАДЕ):
1. Дефектоскопия рабочего колеса (работа из перечня капитального ремонта).
2. Динамическая балансировка ротора по классу G2.5 (работа КР).
3. Проверка и очистка фильтров на всасывающей линии (работа ТО-1).
4. Замена торцевого уплотнения при выявлении износа (работа КР).
ПЛАНОВЫЙ РЕМОНТ: Плановый капитальный ремонт (КР) агрегата MNHV_005 — декабрь 2026 года."
YandexGPT-5 8B,Предупреждение — кавитация,warning,2,15.54,21.9,340,2725,1269,True,True,4,True,True,"АГРЕГАТ: MNHV_005   |   ВРЕМЯ СОБЫТИЯ: 2026-06-25 12:43:00
СТАТУС: Предупреждение (Тип Б: Кавитация, вероятность аварии 3.5%)
ДИАГНОЗ И ОБОСНОВАНИЕ: Превышены пороги предупреждения по вибрации на всасывающей и напорной линиях (vibration_mean_60 = 7.232 мм/с, vibration_mean_30 = 7.344 мм/с), что указывает на риск кавитации [Источник: Руководство по эксплуатации МНХВ].
ПРЕДПИСАНИЕ (ДЕЙСТВИЯ ОПЕРАТОРА):
1. Усилить контроль вибрации и давления на всасывающей и напорной линиях.
2. Проверить подпор на всасывании (обеспечить NPSHa > NPSHr) и состояние всасывающего фильтра на засор.
3. Скорректировать режим: не допускать подачу ниже 30 % от номинала; при наличии ЧРП плавно снизить обороты для вывода из зоны кавитации.
4. При сохранении или нарастании вибрации подготовить агрегат к выводу из работы. Аварийный останов не выполнять, пока вибрация не превысила 8,0 мм/с.
РЕКОМЕНДАЦИИ ТОиР (РЕМОНТНОЙ БРИГАДЕ):
1. Дефектоскопия рабочего колеса (работа из перечня капитального ремонта).
2. Динамическая балансировка ротора по классу G2.5 (работа КР).
3. Проверка и очистка фильтров на всасывающей линии (работа ТО-1).
4. Замена торцевого уплотнения при выявлении износа (работа КР).
ПЛАНОВЫЙ РЕМОНТ: Плановый капитальный ремонт (КР) агрегата MNHV_005 — декабрь 2026 года."
YandexGPT-5 8B,Авария — кавитация,critical,0,14.76,22.6,333,2592,1223,True,True,3,True,True,"АГРЕГАТ: MNHV_005   |   ВРЕМЯ СОБЫТИЯ: 2026-06-25 13:20:00
СТАТУС: Авария — Кавитация — критическое состояние
ДИАГНОЗ И ОБОСНОВАНИЕ: Превышены критические пороги вибрации (vibration_mean_60 = 8.08 мм/с, vibration_mean_30 = 8.714 мм/с, vibration_mean_15 = 9.114 мм/с) и давления (pressure_mean_30 = 0.707 МПа), что указывает на наличие кавитации в насосе [Источник: Руководство по эксплуатации МНХВ]
ПРЕДПИСАНИЕ (ДЕЙСТВИЯ ОПЕРАТОРА):
1. Снизить частоту вращения привода (если используется ЧРП) или прикрыть напорную задвижку для вывода насоса из режима кавитации.
2. Проверить давление на всасывающей линии (возможно засорение фильтра).
3. При сохранении вибрации — аварийный останов агрегата.
РЕКОМЕНДАЦИИ ТОиР (РЕМОНТНОЙ БРИГАДЕ):
1. Дефектоскопия рабочего колеса (работа из перечня капитального ремонта).
2. Динамическая балансировка ротора по классу G2.5 (работа КР).
3. Проверка и очистка фильтров на всасывающей линии (работа ТО-1).
4. Замена торцевого уплотнения при выявлении износа (работа КР).
ПЛАНОВЫЙ РЕМОНТ: Вероятность аварии 100% превышает порог 80% — ТРЕБУЕТСЯ внеплановый вывод по техническому состоянию (Repair-on-condition), плановый капитальный ремонт агрегата MNHV_005 запланирован на декабрь 2026 года."
YandexGPT-5 8B,Авария — кавитация,critical,1,15.77,21.1,333,2592,1223,True,True,3,True,True,"АГРЕГАТ: MNHV_005   |   ВРЕМЯ СОБЫТИЯ: 2026-06-25 13:20:00
СТАТУС: Авария — Кавитация — критическое состояние
ДИАГНОЗ И ОБОСНОВАНИЕ: Превышены критические пороги вибрации (vibration_mean_60 = 8.08 мм/с, vibration_mean_30 = 8.714 мм/с, vibration_mean_15 = 9.114 мм/с) и давления (pressure_mean_30 = 0.707 МПа), что указывает на наличие кавитации в насосе [Источник: Руководство по эксплуатации МНХВ]
ПРЕДПИСАНИЕ (ДЕЙСТВИЯ ОПЕРАТОРА):
1. Снизить частоту вращения привода (если используется ЧРП) или прикрыть напорную задвижку для вывода насоса из режима кавитации.
2. Проверить давление на всасывающей линии (возможно засорение фильтра).
3. При сохранении вибрации — аварийный останов агрегата.
РЕКОМЕНДАЦИИ ТОиР (РЕМОНТНОЙ БРИГАДЕ):
1. Дефектоскопия рабочего колеса (работа из перечня капитального ремонта).
2. Динамическая балансировка ротора по классу G2.5 (работа КР).
3. Проверка и очистка фильтров на всасывающей линии (работа ТО-1).
4. Замена торцевого уплотнения при выявлении износа (работа КР).
ПЛАНОВЫЙ РЕМОНТ: Вероятность аварии 100% превышает порог 80% — ТРЕБУЕТСЯ внеплановый вывод по техническому состоянию (Repair-on-condition), плановый капитальный ремонт агрегата MNHV_005 запланирован на декабрь 2026 года."
YandexGPT-5 8B,Авария — кавитация,critical,2,15.6,21.3,333,2592,1223,True,True,3,True,True,"АГРЕГАТ: MNHV_005   |   ВРЕМЯ СОБЫТИЯ: 2026-06-25 13:20:00
СТАТУС: Авария — Кавитация — критическое состояние
ДИАГНОЗ И ОБОСНОВАНИЕ: Превышены критические пороги вибрации (vibration_mean_60 = 8.08 мм/с, vibration_mean_30 = 8.714 мм/с, vibration_mean_15 = 9.114 мм/с) и давления (pressure_mean_30 = 0.707 МПа), что указывает на наличие кавитации в насосе [Источник: Руководство по эксплуатации МНХВ]
ПРЕДПИСАНИЕ (ДЕЙСТВИЯ ОПЕРАТОРА):
1. Снизить частоту вращения привода (если используется ЧРП) или прикрыть напорную задвижку для вывода насоса из режима кавитации.
2. Проверить давление на всасывающей линии (возможно засорение фильтра).
3. При сохранении вибрации — аварийный останов агрегата.
РЕКОМЕНДАЦИИ ТОиР (РЕМОНТНОЙ БРИГАДЕ):
1. Дефектоскопия рабочего колеса (работа из перечня капитального ремонта).
2. Динамическая балансировка ротора по классу G2.5 (работа КР).
3. Проверка и очистка фильтров на всасывающей линии (работа ТО-1).
4. Замена торцевого уплотнения при выявлении износа (работа КР).
ПЛАНОВЫЙ РЕМОНТ: Вероятность аварии 100% превышает порог 80% — ТРЕБУЕТСЯ внеплановый вывод по техническому состоянию (Repair-on-condition), плановый капитальный ремонт агрегата MNHV_005 запланирован на декабрь 2026 года."
YandexGPT-5 8B,Предупреждение — электрика,warning,0,9.09,23.1,210,2558,938,True,True,3,True,True,"АГРЕГАТ: MNHV_005   |   ВРЕМЯ СОБЫТИЯ: 2026-05-30 20:10:00
СТАТУС: Предупреждение (Тип В: Электрика)
ДИАГНОЗ И ОБОСНОВАНИЕ: Повышенное потребление тока и вибрация могут указывать на проблемы в электрической части или изменение гидравлического сопротивления сети. Источник: [Регламент ТО предприятия]
ПРЕДПИСАНИЕ (ДЕЙСТВИЯ ОПЕРАТОРА):
1. Связаться с энергодиспетчером для проверки качества питающей сети.
2. Наблюдать за параметрами агрегата в течение 15 минут без остановки технологического процесса.
3. Зафиксировать характер аномалии тока и проверить, не вызвана ли она внешним изменением гидравлического сопротивления сети (действиями потребителя).
РЕКОМЕНДАЦИИ ТОиР (РЕМОНТНОЙ БРИГАДЕ):
1. Проверка сопротивления изоляции электродвигателя (работа ТО-2).
2. Ревизия питающих кабельных линий и контактных соединений электродвигателя (внеплановая).
ПЛАНОВЫЙ РЕМОНТ: Плановый капитальный ремонт (КР) агрегата MNHV_005 — декабрь 2026 года."
YandexGPT-5 8B,Предупреждение — электрика,warning,1,9.64,22.4,216,2558,972,True,True,3,True,True,"АГРЕГАТ: MNHV_005   |   ВРЕМЯ СОБЫТИЯ: 2026-05-30 20:10:00
СТАТУС: Предупреждение (Тип В: Электрика)
ДИАГНОЗ И ОБОСНОВАНИЕ: Повышенное потребление тока и вибрация могут указывать на проблемы в электрической части или изменение гидравлического сопротивления сети. (Источник: Регламент ТО предприятия, Руководство по эксплуатации МНХВ)
ПРЕДПИСАНИЕ (ДЕЙСТВИЯ ОПЕРАТОРА):
1. Связаться с энергодиспетчером для проверки качества питающей сети.
2. Наблюдать за параметрами агрегата в течение 15 минут без остановки технологического процесса.
3. Зафиксировать характер аномалии тока и проверить, не вызвана ли она внешним изменением гидравлического сопротивления сети (действиями потребителя).
РЕКОМЕНДАЦИИ ТОиР (РЕМОНТНОЙ БРИГАДЕ):
1. Проверка сопротивления изоляции электродвигателя (работа ТО-2).
2. Ревизия питающих кабельных линий и контактных соединений электродвигателя (внеплановая).
ПЛАНОВЫЙ РЕМОНТ: Плановый капитальный ремонт (КР) агрегата MNHV_005 — декабрь 2026 года."
YandexGPT-5 8B,Предупреждение — электрика,warning,2,10.48,22.2,233,2558,1053,True,True,3,True,True,"АГРЕГАТ: MNHV_005   |   ВРЕМЯ СОБЫТИЯ: 2026-05-30 20:10:00
СТАТУС: Предупреждение (Тип В: Электрика)
ДИАГНОЗ И ОБОСНОВАНИЕ: Повышенное потребление тока и вибрация могут быть связаны с несоосностью вала электродвигателя и насоса, увеличением удельного веса перекачиваемой жидкости, избыточным трением вращающихся частей или изменением гидравлического сопротивления сети. (Источник: Руководство по эксплуатации МНХВ)
ПРЕДПИСАНИЕ (ДЕЙСТВИЯ ОПЕРАТОРА):
1. Связаться с энергодиспетчером для проверки качества питающей сети.
2. Наблюдать за параметрами агрегата в течение 15 минут без остановки технологического процесса.
3. Зафиксировать характер аномалии тока и проверить, не вызвана ли она внешним изменением гидравлического сопротивления сети (действиями потребителя).
РЕКОМЕНДАЦИИ ТОиР (РЕМОНТНОЙ БРИГАДЕ):
1. Проверка сопротивления изоляции электродвигателя (работа ТО-2).
2. Ревизия питающих кабельных линий и контактных соединений электродвигателя (внеплановая).
ПЛАНОВЫЙ РЕМОНТ: Плановый капитальный ремонт (КР) агрегата MNHV_005 — декабрь 2026 года."
YandexGPT-5 8B,Авария — электрика,critical,0,9.88,23.2,229,2363,995,True,True,2,True,True,"АГРЕГАТ: MNHV_005   |   ВРЕМЯ СОБЫТИЯ: 2026-05-30 20:47:00
СТАТУС: Авария (Тип В: Электрика, вероятность аварии 100.0%)
ДИАГНОЗ И ОБОСНОВАНИЕ: Повышенное потребление тока указывает на перегрузку двигателя или проблемы в электрической части (витковое замыкание статора, просадка напряжения в сети) [Источник: Регламент ТО предприятия, Руководство по эксплуатации МНХВ]
ПРЕДПИСАНИЕ (ДЕЙСТВИЯ ОПЕРАТОРА):
1. Обесточить агрегат при срабатывании электрозащиты или подтверждении электрического дефекта.
2. Изолировать агрегат и передать электрооборудование на проверку службе главного энергетика.
РЕКОМЕНДАЦИИ ТОиР (РЕМОНТНОЙ БРИГАДЕ):
1. Проверка сопротивления изоляции электродвигателя (работа ТО-2).
2. Ревизия питающих кабельных линий и контактных соединений электродвигателя (внеплановая).
ПЛАНОВЫЙ РЕМОНТ: Вероятность аварии 100% превышает порог 80% — ТРЕБУЕТСЯ внеплановый вывод по техническому состоянию (Repair-on-condition), плановый капитальный ремонт агрегата MNHV_005 в декабре 2026 года."
YandexGPT-5 8B,Авария — электрика,critical,1,10.24,22.4,229,2363,995,True,True,2,True,True,"АГРЕГАТ: MNHV_005   |   ВРЕМЯ СОБЫТИЯ: 2026-05-30 20:47:00
СТАТУС: Авария (Тип В: Электрика, вероятность аварии 100.0%)
ДИАГНОЗ И ОБОСНОВАНИЕ: Повышенное потребление тока указывает на перегрузку двигателя или проблемы в электрической части (витковое замыкание статора, просадка напряжения в сети) [Источник: Регламент ТО предприятия, Руководство по эксплуатации МНХВ]
ПРЕДПИСАНИЕ (ДЕЙСТВИЯ ОПЕРАТОРА):
1. Обесточить агрегат при срабатывании электрозащиты или подтверждении электрического дефекта.
2. Изолировать агрегат и передать электрооборудование на проверку службе главного энергетика.
РЕКОМЕНДАЦИИ ТОиР (РЕМОНТНОЙ БРИГАДЕ):
1. Проверка сопротивления изоляции электродвигателя (работа ТО-2).
2. Ревизия питающих кабельных линий и контактных соединений электродвигателя (внеплановая).
ПЛАНОВЫЙ РЕМОНТ: Вероятность аварии 100% превышает порог 80% — ТРЕБУЕТСЯ внеплановый вывод по техническому состоянию (Repair-on-condition), плановый капитальный ремонт агрегата MNHV_005 в декабре 2026 года."
YandexGPT-5 8B,Авария — электрика,critical,2,10.36,21.8,226,2363,991,True,True,2,True,True,"АГРЕГАТ: MNHV_005   |   ВРЕМЯ СОБЫТИЯ: 2026-05-30 20:47:00
СТАТУС: Авария (Тип В: Электрика, вероятность аварии 100.0%)
ДИАГНОЗ И ОБОСНОВАНИЕ: Повышенное потребление тока и высокие значения вибрации указывают на перегрузку двигателя или проблемы в электрической части (витковое замыкание статора, просадка напряжения). (Источник: Руководство по эксплуатации МНХВ)
ПРЕДПИСАНИЕ (ДЕЙСТВИЯ ОПЕРАТОРА):
1. Обесточить агрегат при срабатывании электрозащиты или подтверждении электрического дефекта.
2. Изолировать агрегат и передать электрооборудование на проверку службе главного энергетика.
РЕКОМЕНДАЦИИ ТОиР (РЕМОНТНОЙ БРИГАДЕ):
1. Проверка сопротивления изоляции электродвигателя (работа ТО-2).
2. Ревизия питающих кабельных линий и контактных соединений электродвигателя (внеплановая).
ПЛАНОВЫЙ РЕМОНТ: Вероятность аварии 100% превышает порог 80% — ТРЕБУЕТСЯ внеплановый вывод по техническому состоянию (Repair-on-condition), плановый капитальный ремонт агрегата MNHV_005 в декабре 2026 года."
